proper,bayer,con,ra_h,dec_deg,catalog_v,representative_vmax,brightness_basis,in_alpha_beta_layer,hyg_id,hip,hd,hr
Sol,,,0.0,0.0,-26.7,-26.7,HYG v4.1 catalog V (stable baseline),no,0,,,
Sirius,Alp,CMa,6.752481,-16.716116,-1.44,-1.44,HYG v4.1 catalog V (stable baseline),yes,32263,32349,48915,2491
Canopus,Alp,Car,6.399195,-52.69566,-0.62,-0.62,HYG v4.1 catalog V (stable baseline),yes,30365,30438,45348,2326
Arcturus,Alp,Boo,14.26103,19.18241,-0.05,-0.05,HYG v4.1 catalog V (stable baseline),yes,69451,69673,124897,5340
Rigil Kentaurus,Alp-1,Cen,14.660765,-60.833976,-0.01,-0.01,HYG v4.1 catalog V (stable baseline),no,71456,71683,128620,5459
Vega,Alp,Lyr,18.61564,38.783692,0.03,0.03,HYG v4.1 catalog V (stable baseline),yes,90979,91262,172167,7001
Capella,Alp,Aur,5.27815,45.997991,0.08,0.08,HYG v4.1 catalog V (stable baseline),yes,24549,24608,34029,1708
Rigel,Bet,Ori,5.242298,-8.20164,0.18,0.18,HYG v4.1 catalog V (stable baseline),yes,24378,24436,34085,1713
Procyon,Alp,CMi,7.655033,5.224993,0.4,0.4,HYG v4.1 catalog V (stable baseline),yes,37173,37279,61421,2943
Achernar,Alp,Eri,1.628556,-57.236757,0.45,0.45,HYG v4.1 catalog V (stable baseline),yes,7574,7588,10144,472
Betelgeuse,Alp,Ori,5.919529,7.407063,0.45,0.45,HYG v4.1 catalog V (stable baseline),yes,27919,27989,39801,2061
Hadar,Bet,Cen,14.063729,-60.373039,0.61,0.61,HYG v4.1 catalog V (stable baseline),yes,68483,68702,122451,5267
Altair,Alp,Aql,19.846388,8.868322,0.76,0.76,HYG v4.1 catalog V (stable baseline),yes,97338,97649,187642,7557
Acrux,Alp-1,Cru,12.443311,-63.099092,0.77,0.77,HYG v4.1 catalog V (stable baseline),no,60530,60718,108248,4730
Aldebaran,Alp,Tau,4.598677,16.509301,0.87,0.87,HYG v4.1 catalog V (stable baseline),yes,21368,21421,29139,1457
,,Aur,5.277926,46.000842,0.96,0.96,HYG v4.1 catalog V (stable baseline),no,118360,,,
Spica,Alp,Vir,13.419883,-11.161322,0.98,0.98,HYG v4.1 catalog V (stable baseline),yes,65269,65474,116658,5056
Antares,Alp,Sco,16.490128,-26.432002,1.06,1.06,HYG v4.1 catalog V (stable baseline),yes,80519,80763,148478,6134
Pollux,Bet,Gem,7.755277,28.026199,1.16,1.16,HYG v4.1 catalog V (stable baseline),yes,37718,37826,62509,2990
Fomalhaut,Alp,PsA,22.960838,-29.622236,1.17,1.17,HYG v4.1 catalog V (stable baseline),yes,113008,113368,216956,8728
Deneb,Alp,Cyg,20.690532,45.280338,1.25,1.25,HYG v4.1 catalog V (stable baseline),yes,101767,102098,197345,7924
Mimosa,Bet,Cru,12.795359,-59.688764,1.25,1.25,HYG v4.1 catalog V (stable baseline),yes,62239,62434,111123,4853
Toliman,Alp-2,Cen,14.660346,-60.8383,1.35,1.35,HYG v4.1 catalog V (stable baseline),no,71453,71681,128621,5460
Regulus,Alp,Leo,10.139532,11.967207,1.36,1.36,HYG v4.1 catalog V (stable baseline),yes,49528,49669,87901,3982
Adhara,Eps,CMa,6.977097,-28.972084,1.5,1.5,HYG v4.1 catalog V (stable baseline),no,33492,33579,52089,2618
Castor,Alp,Gem,7.576634,31.888276,1.58,1.58,HYG v4.1 catalog V (stable baseline),yes,36744,36850,60179,2891
Gacrux,Gam,Cru,12.519429,-57.113212,1.59,1.59,HYG v4.1 catalog V (stable baseline),no,60893,61084,108903,4763
Shaula,Lam,Sco,17.560145,-37.103821,1.62,1.62,HYG v4.1 catalog V (stable baseline),no,85665,85927,158926,6527
Bellatrix,Gam,Ori,5.418851,6.349702,1.64,1.64,HYG v4.1 catalog V (stable baseline),no,25273,25336,35468,1790
Elnath,Bet,Tau,5.438198,28.60745,1.65,1.65,HYG v4.1 catalog V (stable baseline),yes,25364,25428,35497,1791
Miaplacidus,Bet,Car,9.220041,-69.717208,1.67,1.67,HYG v4.1 catalog V (stable baseline),yes,45106,45238,80007,3685
Alnilam,Eps,Ori,5.603559,-1.20192,1.69,1.69,HYG v4.1 catalog V (stable baseline),no,26246,26311,37128,1903
Alnair,Alp,Gru,22.137209,-46.960975,1.73,1.73,HYG v4.1 catalog V (stable baseline),yes,108922,109268,209952,8425
Alnitak,Zet,Ori,5.679313,-1.942572,1.74,1.74,HYG v4.1 catalog V (stable baseline),no,26662,26727,37742,1948
,Gam-2,Vel,8.158876,-47.336588,1.75,1.75,HYG v4.1 catalog V (stable baseline),no,39840,39953,68273,3207
Alioth,Eps,UMa,12.900472,55.959821,1.76,1.76,HYG v4.1 catalog V (stable baseline),no,62757,62956,112185,4905
Kaus Australis,Eps,Sgr,18.402868,-34.384616,1.79,1.79,HYG v4.1 catalog V (stable baseline),no,89906,90185,169022,6879
Mirfak,Alp,Per,3.405378,49.86118,1.79,1.79,HYG v4.1 catalog V (stable baseline),yes,15824,15863,20902,1017
Dubhe,Alp,UMa,11.062155,61.751033,1.81,1.81,HYG v4.1 catalog V (stable baseline),yes,53905,54061,95689,4301
Wezen,Del,CMa,7.139857,-26.3932,1.83,1.83,HYG v4.1 catalog V (stable baseline),no,34354,34444,54605,2693
Alkaid,Eta,UMa,13.792354,49.313265,1.85,1.85,HYG v4.1 catalog V (stable baseline),no,67088,67301,120315,5191
Avior,Eps,Car,8.375236,-59.509483,1.86,1.86,HYG v4.1 catalog V (stable baseline),no,40921,41037,71129,3307
Sargas,The,Sco,17.62198,-42.997824,1.86,1.86,HYG v4.1 catalog V (stable baseline),no,85965,86228,159532,6553
Menkalinan,Bet,Aur,5.992149,44.947433,1.9,1.9,HYG v4.1 catalog V (stable baseline),yes,28288,28360,40183,2088
Atria,Alp,TrA,16.811077,-69.027715,1.91,1.91,HYG v4.1 catalog V (stable baseline),yes,82022,82273,150798,6217
Alhena,Gam,Gem,6.628528,16.399252,1.93,1.93,HYG v4.1 catalog V (stable baseline),no,31601,31681,47105,2421
Alsephina,Del,Vel,8.745059,-54.708821,1.93,1.93,HYG v4.1 catalog V (stable baseline),no,42794,42913,74956,3485
Peacock,Alp,Pav,20.427459,-56.73509,1.94,1.94,HYG v4.1 catalog V (stable baseline),yes,100425,100751,193924,7790
Polaris,Alp,UMi,2.52975,89.264109,1.97,1.97,HYG v4.1 catalog V (stable baseline),yes,11734,11767,8890,424
Mirzam,Bet,CMa,6.378329,-17.955918,1.98,1.98,HYG v4.1 catalog V (stable baseline),yes,30251,30324,44743,2294
Alphard,Alp,Hya,9.45979,-8.658603,1.99,1.99,HYG v4.1 catalog V (stable baseline),yes,46259,46390,81797,3748
Algieba,Gam-1,Leo,10.332873,19.841489,2.01,2.01,HYG v4.1 catalog V (stable baseline),no,50440,50583,89484,4057
Hamal,Alp,Ari,2.119555,23.462423,2.01,2.01,HYG v4.1 catalog V (stable baseline),yes,9861,9884,12929,617
Diphda,Bet,Cet,0.72649,-17.986605,2.04,2.04,HYG v4.1 catalog V (stable baseline),yes,3413,3419,4128,188
Nunki,Sig,Sgr,18.92109,-26.296722,2.05,2.05,HYG v4.1 catalog V (stable baseline),no,92564,92855,175191,7121
Menkent,The,Cen,14.111395,-36.369954,2.06,2.06,HYG v4.1 catalog V (stable baseline),no,68714,68933,123139,5288
Alpheratz,Alp,And,0.139791,29.090432,2.07,2.07,HYG v4.1 catalog V (stable baseline),yes,676,677,358,15
Kochab,Bet,UMi,14.845105,74.155505,2.07,2.07,HYG v4.1 catalog V (stable baseline),yes,72380,72607,131873,5563
Mirach,Bet,And,1.162194,35.620558,2.07,2.07,HYG v4.1 catalog V (stable baseline),yes,5436,5447,6860,337
Saiph,Kap,Ori,5.795941,-9.669605,2.07,2.07,HYG v4.1 catalog V (stable baseline),no,27298,27366,38771,2004
Tiaki,Bet,Gru,22.711115,-46.884577,2.07,2.07,HYG v4.1 catalog V (stable baseline),yes,111768,112122,214952,8636
Rasalhague,Alp,Oph,17.582241,12.560035,2.08,2.08,HYG v4.1 catalog V (stable baseline),yes,85769,86032,159561,6556
Algol,Bet,Per,3.136148,40.955648,2.09,2.09,HYG v4.1 catalog V (stable baseline),yes,14540,14576,19356,936
Almach,Gam-1,And,2.064984,42.329725,2.1,2.1,HYG v4.1 catalog V (stable baseline),no,9618,9640,12533,603
Denebola,Bet,Leo,11.817663,14.57206,2.14,2.14,HYG v4.1 catalog V (stable baseline),yes,57459,57632,102647,4534
Cih,Gam,Cas,0.945143,60.71674,2.15,2.15,HYG v4.1 catalog V (stable baseline),no,4417,4427,5394,264
,Gam,Cen,12.691971,-48.959888,2.2,2.2,HYG v4.1 catalog V (stable baseline),no,61739,61932,110304,4819
Aspidiske,Iot,Car,9.284838,-59.275229,2.21,2.21,HYG v4.1 catalog V (stable baseline),no,45425,45556,80404,3699
Naos,Zet,Pup,8.059737,-40.003148,2.21,2.21,HYG v4.1 catalog V (stable baseline),no,39318,39429,66811,3165
Alphecca,Alp,CrB,15.578128,26.714693,2.22,2.22,HYG v4.1 catalog V (stable baseline),yes,76035,76267,139006,5793
Mizar,Zet,UMa,13.398747,54.925362,2.23,2.23,HYG v4.1 catalog V (stable baseline),no,65173,65378,116656,5054
Sadr,Gam,Cyg,20.370473,40.256679,2.23,2.23,HYG v4.1 catalog V (stable baseline),no,100128,100453,194093,7796
Suhail,Lam,Vel,9.133268,-43.432589,2.23,2.23,HYG v4.1 catalog V (stable baseline),no,44689,44816,78647,3634
Eltanin,Gam,Dra,17.943437,51.488895,2.24,2.24,HYG v4.1 catalog V (stable baseline),no,87561,87833,164058,6705
Schedar,Alp,Cas,0.675116,56.537331,2.24,2.24,HYG v4.1 catalog V (stable baseline),yes,3172,3179,3712,168
Mintaka,Del,Ori,5.533445,-0.299092,2.25,2.25,HYG v4.1 catalog V (stable baseline),no,25865,25930,36486,1852
Caph,Bet,Cas,0.152887,59.14978,2.28,2.28,HYG v4.1 catalog V (stable baseline),yes,744,746,432,21
Dschubba,Del,Sco,16.005557,-22.62171,2.29,2.29,HYG v4.1 catalog V (stable baseline),no,78165,78401,143275,5953
,Eps,Cen,13.664796,-53.466394,2.29,2.29,HYG v4.1 catalog V (stable baseline),no,66447,66657,118716,5132
Larawag,Eps,Sco,16.83608,-34.293232,2.29,2.29,HYG v4.1 catalog V (stable baseline),no,82144,82396,151680,6241
,Alp,Lup,14.698823,-47.3882,2.3,2.3,HYG v4.1 catalog V (stable baseline),yes,71634,71860,129056,5469
,Eta,Cen,14.591786,-42.157824,2.33,2.33,HYG v4.1 catalog V (stable baseline),no,71125,71352,127972,5440
Merak,Bet,UMa,11.030677,56.382427,2.34,2.34,HYG v4.1 catalog V (stable baseline),yes,53754,53910,95418,4295
Izar,Eps,Boo,14.749784,27.074222,2.35,2.35,HYG v4.1 catalog V (stable baseline),no,71879,72105,129988,5505
Enif,Eps,Peg,21.736433,9.875011,2.38,2.38,HYG v4.1 catalog V (stable baseline),no,106972,107315,206778,8308
,Kap,Sco,17.708132,-39.029983,2.39,2.39,HYG v4.1 catalog V (stable baseline),no,86403,86670,160578,6580
Ankaa,Alp,Phe,0.438056,-42.305981,2.4,2.4,HYG v4.1 catalog V (stable baseline),yes,2076,2081,2261,99
Phecda,Gam,UMa,11.897168,53.69476,2.41,2.41,HYG v4.1 catalog V (stable baseline),no,57828,58001,103287,4554
Sabik,Eta,Oph,17.172968,-15.72491,2.43,2.43,HYG v4.1 catalog V (stable baseline),no,83755,84012,155125,6378
Scheat,Bet,Peg,23.062901,28.082789,2.44,2.44,HYG v4.1 catalog V (stable baseline),yes,113521,113881,217906,8775
Alderamin,Alp,Cep,21.30963,62.585573,2.45,2.45,HYG v4.1 catalog V (stable baseline),yes,104861,105199,203280,8162
Aludra,Eta,CMa,7.401584,-29.303104,2.45,2.45,HYG v4.1 catalog V (stable baseline),no,35806,35904,58350,2827
Markeb,Kap,Vel,9.368562,-55.010668,2.47,2.47,HYG v4.1 catalog V (stable baseline),no,45809,45941,81188,3734
Aljanah,Eps,Cyg,20.770178,33.970256,2.48,2.48,HYG v4.1 catalog V (stable baseline),no,102157,102488,197989,7949
Markab,Alp,Peg,23.079348,15.205264,2.49,2.49,HYG v4.1 catalog V (stable baseline),yes,113603,113963,218045,8781
