proper,bayer,con,ra_h,dec_deg,catalog_v,representative_vmax,brightness_basis,in_alpha_beta_layer,hyg_id,hip,hd,hr,best_instant_utc,best_date,iso,mag_class,new_non_alpha_beta
Sirius,Alp,CMa,6.752481,-16.716116,-1.44,-1.44,HYG v4.1 catalog V (stable baseline),yes,32263,32349,48915,2491,2026-02-12 16:34,2026-02-13,2026-W07-5,1,no
Canopus,Alp,Car,6.399195,-52.69566,-0.62,-0.62,HYG v4.1 catalog V (stable baseline),yes,30365,30438,45348,2326,2026-02-07 08:07,2026-02-07,2026-W06-6,1,no
Alpha Centauri,Alp,Cen,14.660765,-60.833976,-0.01;1.35,-0.28,flux-combined HYG v4.1 V for unresolved naked-eye system,yes,71456;71453,71683;71681,128620;128621,5459;5460,2026-06-16 10:55,2026-06-16,2026-W25-2,1,no
Arcturus,Alp,Boo,14.26103,19.18241,-0.05,-0.05,HYG v4.1 catalog V (stable baseline),yes,69451,69673,124897,5340,2026-06-10 16:18,2026-06-11,2026-W24-4,1,no
Vega,Alp,Lyr,18.61564,38.783692,0.03,0.03,HYG v4.1 catalog V (stable baseline),yes,90979,91262,172167,7001,2026-08-14 15:25,2026-08-15,2026-W33-6,1,no
Capella,Alp,Aur,5.27815,45.997991,0.08,0.08,HYG v4.1 catalog V (stable baseline),yes,24549,24608,34029,1708,2026-01-21 22:55,2026-01-22,2026-W04-4,1,no
Rigel,Bet,Ori,5.242298,-8.20164,0.18,0.18,HYG v4.1 catalog V (stable baseline),yes,24378,24436,34085,1713,2026-01-21 10:41,2026-01-21,2026-W04-3,1,no
Procyon,Alp,CMi,7.655033,5.224993,0.4,0.4,HYG v4.1 catalog V (stable baseline),yes,37173,37279,61421,2943,2026-02-26 18:37,2026-02-27,2026-W09-5,1,no
Achernar,Alp,Eri,1.628556,-57.236757,0.45,0.45,HYG v4.1 catalog V (stable baseline),yes,7574,7588,10144,472,2026-12-03 04:12,2026-12-03,2026-W49-4,1,no
Betelgeuse,Alp,Ori,5.919529,7.407063,0.45,0.45,HYG v4.1 catalog V (stable baseline),yes,27919,27989,39801,2061,2026-01-31 05:16,2026-01-31,2026-W05-6,1,no
Hadar,Bet,Cen,14.063729,-60.373039,0.61,0.61,HYG v4.1 catalog V (stable baseline),yes,68483,68702,122451,5267,2026-06-07 19:38,2026-06-08,2026-W24-1,1,no
Altair,Alp,Aql,19.846388,8.868322,0.76,0.76,HYG v4.1 catalog V (stable baseline),yes,97338,97649,187642,7557,2026-09-03 17:44,2026-09-04,2026-W36-5,1,no
Acrux,Alp-1,Cru,12.443311,-63.099092,0.77,0.77,HYG v4.1 catalog V (stable baseline),yes,60530,60718,108248,4730,2026-05-14 19:38,2026-05-15,2026-W20-5,1,no
Aldebaran,Alp,Tau,4.598677,16.509301,0.87,0.87,HYG v4.1 catalog V (stable baseline),yes,21368,21421,29139,1457,2026-01-12 09:54,2026-01-12,2026-W03-1,1,no
Spica,Alp,Vir,13.419883,-11.161322,0.98,0.98,HYG v4.1 catalog V (stable baseline),yes,65269,65474,116658,5056,2026-05-29 09:51,2026-05-29,2026-W22-5,1,no
Antares,Alp,Sco,16.490128,-26.432002,1.06,1.06,HYG v4.1 catalog V (stable baseline),yes,80519,80763,148478,6134,2026-07-13 00:32,2026-07-13,2026-W29-1,1,no
Pollux,Bet,Gem,7.755277,28.026199,1.16,1.16,HYG v4.1 catalog V (stable baseline),yes,37718,37826,62509,2990,2026-02-28 08:58,2026-02-28,2026-W09-6,1,no
Fomalhaut,Alp,PsA,22.960838,-29.622236,1.17,1.17,HYG v4.1 catalog V (stable baseline),yes,113008,113368,216956,8728,2026-10-24 23:29,2026-10-25,2026-W43-7,1,no
Deneb,Alp,Cyg,20.690532,45.280338,1.25,1.25,HYG v4.1 catalog V (stable baseline),yes,101767,102098,197345,7924,2026-09-17 19:56,2026-09-18,2026-W38-5,1,no
Mimosa,Bet,Cru,12.795359,-59.688764,1.25,1.25,HYG v4.1 catalog V (stable baseline),yes,62239,62434,111123,4853,2026-05-20 03:11,2026-05-20,2026-W21-3,1,no
Regulus,Alp,Leo,10.139532,11.967207,1.36,1.36,HYG v4.1 catalog V (stable baseline),yes,49528,49669,87901,3982,2026-04-08 08:32,2026-04-08,2026-W15-3,1,no
Adhara,Eps,CMa,6.977097,-28.972084,1.5,1.5,HYG v4.1 catalog V (stable baseline),no,33492,33579,52089,2618,2026-02-16 03:24,2026-02-16,2026-W08-1,2,yes
Castor,Alp,Gem,7.576634,31.888276,1.58,1.58,HYG v4.1 catalog V (stable baseline),yes,36744,36850,60179,2891,2026-02-25 12:44,2026-02-26,2026-W09-4,2,no
Gacrux,Gam,Cru,12.519429,-57.113212,1.59,1.59,HYG v4.1 catalog V (stable baseline),no,60893,61084,108903,4763,2026-05-15 23:21,2026-05-16,2026-W20-6,2,yes
Shaula,Lam,Sco,17.560145,-37.103821,1.62,1.62,HYG v4.1 catalog V (stable baseline),no,85665,85927,158926,6527,2026-07-29 02:38,2026-07-29,2026-W31-3,2,yes
Bellatrix,Gam,Ori,5.418851,6.349702,1.64,1.64,HYG v4.1 catalog V (stable baseline),no,25273,25336,35468,1790,2026-01-23 23:08,2026-01-24,2026-W04-6,2,yes
Elnath,Bet,Tau,5.438198,28.60745,1.65,1.65,HYG v4.1 catalog V (stable baseline),yes,25364,25428,35497,1791,2026-01-24 05:47,2026-01-24,2026-W04-6,2,no
Miaplacidus,Bet,Car,9.220041,-69.717208,1.67,1.67,HYG v4.1 catalog V (stable baseline),yes,45106,45238,80007,3685,2026-03-24 05:35,2026-03-24,2026-W13-2,2,no
Alnilam,Eps,Ori,5.603559,-1.20192,1.69,1.69,HYG v4.1 catalog V (stable baseline),no,26246,26311,37128,1903,2026-01-26 14:54,2026-01-27,2026-W05-2,2,yes
Alnair,Alp,Gru,22.137209,-46.960975,1.73,1.73,HYG v4.1 catalog V (stable baseline),yes,108922,109268,209952,8425,2026-10-11 19:19,2026-10-12,2026-W42-1,2,no
Alnitak,Zet,Ori,5.679313,-1.942572,1.74,1.74,HYG v4.1 catalog V (stable baseline),no,26662,26727,37742,1948,2026-01-27 17:13,2026-01-28,2026-W05-3,2,yes
,Gam-2,Vel,8.158876,-47.336588,1.75,1.75,HYG v4.1 catalog V (stable baseline),no,39840,39953,68273,3207,2026-03-06 20:44,2026-03-07,2026-W10-6,2,yes
Alioth,Eps,UMa,12.900472,55.959821,1.76,1.76,HYG v4.1 catalog V (stable baseline),no,62757,62956,112185,4905,2026-05-21 16:58,2026-05-22,2026-W21-5,2,yes
Kaus Australis,Eps,Sgr,18.402868,-34.384616,1.79,1.79,HYG v4.1 catalog V (stable baseline),no,89906,90185,169022,6879,2026-08-11 06:05,2026-08-11,2026-W33-2,2,yes
Mirfak,Alp,Per,3.405378,49.86118,1.79,1.79,HYG v4.1 catalog V (stable baseline),yes,15824,15863,20902,1017,2026-12-27 08:20,2026-12-27,2026-W52-7,2,no
Dubhe,Alp,UMa,11.062155,61.751033,1.81,1.81,HYG v4.1 catalog V (stable baseline),yes,53905,54061,95689,4301,2026-04-23 06:59,2026-04-23,2026-W17-4,2,no
Wezen,Del,CMa,7.139857,-26.3932,1.83,1.83,HYG v4.1 catalog V (stable baseline),no,34354,34444,54605,2693,2026-02-18 15:59,2026-02-19,2026-W08-4,2,yes
Alkaid,Eta,UMa,13.792354,49.313265,1.85,1.85,HYG v4.1 catalog V (stable baseline),no,67088,67301,120315,5191,2026-06-03 20:51,2026-06-04,2026-W23-4,2,yes
Avior,Eps,Car,8.375236,-59.509483,1.86,1.86,HYG v4.1 catalog V (stable baseline),no,40921,41037,71129,3307,2026-03-10 09:02,2026-03-10,2026-W11-2,2,yes
Sargas,The,Sco,17.62198,-42.997824,1.86,1.86,HYG v4.1 catalog V (stable baseline),no,85965,86228,159532,6553,2026-07-30 01:25,2026-07-30,2026-W31-4,2,yes
Menkalinan,Bet,Aur,5.992149,44.947433,1.9,1.9,HYG v4.1 catalog V (stable baseline),yes,28288,28360,40183,2088,2026-02-01 06:53,2026-02-01,2026-W05-7,2,no
Atria,Alp,TrA,16.811077,-69.027715,1.91,1.91,HYG v4.1 catalog V (stable baseline),yes,82022,82273,150798,6217,2026-07-17 18:51,2026-07-18,2026-W29-6,2,no
Alhena,Gam,Gem,6.628528,16.399252,1.93,1.93,HYG v4.1 catalog V (stable baseline),no,31601,31681,47105,2421,2026-02-10 19:15,2026-02-11,2026-W07-3,2,yes
Alsephina,Del,Vel,8.745059,-54.708821,1.93,1.93,HYG v4.1 catalog V (stable baseline),no,42794,42913,74956,3485,2026-03-16 10:06,2026-03-16,2026-W12-1,2,yes
Peacock,Alp,Pav,20.427459,-56.73509,1.94,1.94,HYG v4.1 catalog V (stable baseline),yes,100425,100751,193924,7790,2026-09-13 10:17,2026-09-13,2026-W37-7,2,no
Polaris,Alp,UMi,2.52975,89.264109,1.97,1.97,HYG v4.1 catalog V (stable baseline),yes,11734,11767,8890,424,2026-12-15 12:06,2026-12-16,2026-W51-3,2,no
Mirzam,Bet,CMa,6.378329,-17.955918,1.98,1.98,HYG v4.1 catalog V (stable baseline),yes,30251,30324,44743,2294,2026-02-07 00:36,2026-02-07,2026-W06-6,2,no
Alphard,Alp,Hya,9.45979,-8.658603,1.99,1.99,HYG v4.1 catalog V (stable baseline),yes,46259,46390,81797,3748,2026-03-28 04:24,2026-03-28,2026-W13-6,2,no
Algieba,Gam-1,Leo,10.332873,19.841489,2.01,2.01,HYG v4.1 catalog V (stable baseline),no,50440,50583,89484,4057,2026-04-11 12:20,2026-04-12,2026-W15-7,2,yes
Hamal,Alp,Ari,2.119555,23.462423,2.01,2.01,HYG v4.1 catalog V (stable baseline),yes,9861,9884,12929,617,2026-12-09 22:10,2026-12-10,2026-W50-4,2,no
Diphda,Bet,Cet,0.72649,-17.986605,2.04,2.04,HYG v4.1 catalog V (stable baseline),yes,3413,3419,4128,188,2026-11-20 11:24,2026-11-20,2026-W47-5,2,no
Nunki,Sig,Sgr,18.92109,-26.296722,2.05,2.05,HYG v4.1 catalog V (stable baseline),no,92564,92855,175191,7121,2026-08-19 13:21,2026-08-20,2026-W34-4,2,yes
Menkent,The,Cen,14.111395,-36.369954,2.06,2.06,HYG v4.1 catalog V (stable baseline),no,68714,68933,123139,5288,2026-06-08 12:15,2026-06-09,2026-W24-2,2,yes
Alpheratz,Alp,And,0.139791,29.090432,2.07,2.07,HYG v4.1 catalog V (stable baseline),yes,676,677,358,15,2026-11-11 22:29,2026-11-12,2026-W46-4,2,no
Kochab,Bet,UMi,14.845105,74.155505,2.07,2.07,HYG v4.1 catalog V (stable baseline),yes,72380,72607,131873,5563,2026-06-19 02:44,2026-06-19,2026-W25-5,2,no
Mirach,Bet,And,1.162194,35.620558,2.07,2.07,HYG v4.1 catalog V (stable baseline),yes,5436,5447,6860,337,2026-11-26 16:00,2026-11-27,2026-W48-5,2,no
Saiph,Kap,Ori,5.795941,-9.669605,2.07,2.07,HYG v4.1 catalog V (stable baseline),no,27298,27366,38771,2004,2026-01-29 09:54,2026-01-29,2026-W05-4,2,yes
Tiaki,Bet,Gru,22.711115,-46.884577,2.07,2.07,HYG v4.1 catalog V (stable baseline),yes,111768,112122,214952,8636,2026-10-21 00:51,2026-10-21,2026-W43-3,2,no
Rasalhague,Alp,Oph,17.582241,12.560035,2.08,2.08,HYG v4.1 catalog V (stable baseline),yes,85769,86032,159561,6556,2026-07-29 10:46,2026-07-29,2026-W31-3,2,no
Algol,Bet,Per,3.136148,40.955648,2.09,2.09,HYG v4.1 catalog V (stable baseline),yes,14540,14576,19356,936,2026-12-23 16:59,2026-12-24,2026-W52-4,2,no
Almach,Gam-1,And,2.064984,42.329725,2.1,2.1,HYG v4.1 catalog V (stable baseline),no,9618,9640,12533,603,2026-12-09 04:16,2026-12-09,2026-W50-3,2,yes
Denebola,Bet,Leo,11.817663,14.57206,2.14,2.14,HYG v4.1 catalog V (stable baseline),yes,57459,57632,102647,4534,2026-05-05 04:52,2026-05-05,2026-W19-2,2,no
Cih,Gam,Cas,0.945143,60.71674,2.15,2.15,HYG v4.1 catalog V (stable baseline),no,4417,4427,5394,264,2026-11-23 14:20,2026-11-24,2026-W48-2,2,yes
,Gam,Cen,12.691971,-48.959888,2.2,2.2,HYG v4.1 catalog V (stable baseline),no,61739,61932,110304,4819,2026-05-18 13:53,2026-05-19,2026-W21-2,2,yes
Aspidiske,Iot,Car,9.284838,-59.275229,2.21,2.21,HYG v4.1 catalog V (stable baseline),no,45425,45556,80404,3699,2026-03-25 07:13,2026-03-25,2026-W13-3,2,yes
Naos,Zet,Pup,8.059737,-40.003148,2.21,2.21,HYG v4.1 catalog V (stable baseline),no,39318,39429,66811,3165,2026-03-05 06:17,2026-03-05,2026-W10-4,2,yes
Alphecca,Alp,CrB,15.578128,26.714693,2.22,2.22,HYG v4.1 catalog V (stable baseline),yes,76035,76267,139006,5793,2026-06-29 16:46,2026-06-30,2026-W27-2,2,no
Mizar,Zet,UMa,13.398747,54.925362,2.23,2.23,HYG v4.1 catalog V (stable baseline),no,65173,65378,116656,5054,2026-05-29 02:23,2026-05-29,2026-W22-5,2,yes
Sadr,Gam,Cyg,20.370473,40.256679,2.23,2.23,HYG v4.1 catalog V (stable baseline),no,100128,100453,194093,7796,2026-09-12 11:25,2026-09-12,2026-W37-6,2,yes
Suhail,Lam,Vel,9.133268,-43.432589,2.23,2.23,HYG v4.1 catalog V (stable baseline),no,44689,44816,78647,3634,2026-03-22 19:17,2026-03-23,2026-W13-1,2,yes
Eltanin,Gam,Dra,17.943437,51.488895,2.24,2.24,HYG v4.1 catalog V (stable baseline),no,87561,87833,164058,6705,2026-08-04 00:46,2026-08-04,2026-W32-2,2,yes
Schedar,Alp,Cas,0.675116,56.537331,2.24,2.24,HYG v4.1 catalog V (stable baseline),yes,3172,3179,3712,168,2026-11-19 17:42,2026-11-20,2026-W47-5,2,no
Mintaka,Del,Ori,5.533445,-0.299092,2.25,2.25,HYG v4.1 catalog V (stable baseline),no,25865,25930,36486,1852,2026-01-25 14:38,2026-01-26,2026-W05-1,2,yes
Caph,Bet,Cas,0.152887,59.14978,2.28,2.28,HYG v4.1 catalog V (stable baseline),yes,744,746,432,21,2026-11-12 03:07,2026-11-12,2026-W46-4,2,no
Dschubba,Del,Sco,16.005557,-22.62171,2.29,2.29,HYG v4.1 catalog V (stable baseline),no,78165,78401,143275,5953,2026-07-05 21:52,2026-07-06,2026-W28-1,2,yes
,Eps,Cen,13.664796,-53.466394,2.29,2.29,HYG v4.1 catalog V (stable baseline),no,66447,66657,118716,5132,2026-06-02 00:07,2026-06-02,2026-W23-2,2,yes
Larawag,Eps,Sco,16.83608,-34.293232,2.29,2.29,HYG v4.1 catalog V (stable baseline),no,82144,82396,151680,6241,2026-07-18 03:48,2026-07-18,2026-W29-6,2,yes
,Alp,Lup,14.698823,-47.3882,2.3,2.3,HYG v4.1 catalog V (stable baseline),yes,71634,71860,129056,5469,2026-06-17 00:06,2026-06-17,2026-W25-3,2,no
,Eta,Cen,14.591786,-42.157824,2.33,2.33,HYG v4.1 catalog V (stable baseline),no,71125,71352,127972,5440,2026-06-15 11:02,2026-06-15,2026-W25-1,2,yes
Merak,Bet,UMa,11.030677,56.382427,2.34,2.34,HYG v4.1 catalog V (stable baseline),yes,53754,53910,95418,4295,2026-04-22 18:54,2026-04-23,2026-W17-4,2,no
Izar,Eps,Boo,14.749784,27.074222,2.35,2.35,HYG v4.1 catalog V (stable baseline),no,71879,72105,129988,5505,2026-06-17 17:45,2026-06-18,2026-W25-4,2,yes
Enif,Eps,Peg,21.736433,9.875011,2.38,2.38,HYG v4.1 catalog V (stable baseline),no,106972,107315,206778,8308,2026-10-05 05:47,2026-10-05,2026-W41-1,2,yes
,Kap,Sco,17.708132,-39.029983,2.39,2.39,HYG v4.1 catalog V (stable baseline),no,86403,86670,160578,6580,2026-07-31 09:15,2026-07-31,2026-W31-5,2,yes
Ankaa,Alp,Phe,0.438056,-42.305981,2.4,2.4,HYG v4.1 catalog V (stable baseline),yes,2076,2081,2261,99,2026-11-16 07:24,2026-11-16,2026-W47-1,2,no
Phecda,Gam,UMa,11.897168,53.69476,2.41,2.41,HYG v4.1 catalog V (stable baseline),no,57828,58001,103287,4554,2026-05-06 10:29,2026-05-06,2026-W19-3,2,yes
Sabik,Eta,Oph,17.172968,-15.72491,2.43,2.43,HYG v4.1 catalog V (stable baseline),no,83755,84012,155125,6378,2026-07-23 05:13,2026-07-23,2026-W30-4,2,yes
Scheat,Bet,Peg,23.062901,28.082789,2.44,2.44,HYG v4.1 catalog V (stable baseline),yes,113521,113881,217906,8775,2026-10-26 13:50,2026-10-27,2026-W44-2,2,no
Alderamin,Alp,Cep,21.30963,62.585573,2.45,2.45,HYG v4.1 catalog V (stable baseline),yes,104861,105199,203280,8162,2026-09-28 04:06,2026-09-28,2026-W40-1,2,no
Aludra,Eta,CMa,7.401584,-29.303104,2.45,2.45,HYG v4.1 catalog V (stable baseline),no,35806,35904,58350,2827,2026-02-22 18:20,2026-02-23,2026-W09-1,2,yes
Markeb,Kap,Vel,9.368562,-55.010668,2.47,2.47,HYG v4.1 catalog V (stable baseline),no,45809,45941,81188,3734,2026-03-26 16:20,2026-03-27,2026-W13-5,2,yes
Aljanah,Eps,Cyg,20.770178,33.970256,2.48,2.48,HYG v4.1 catalog V (stable baseline),no,102157,102488,197989,7949,2026-09-19 03:55,2026-09-19,2026-W38-6,2,yes
Markab,Alp,Peg,23.079348,15.205264,2.49,2.49,HYG v4.1 catalog V (stable baseline),yes,113603,113963,218045,8781,2026-10-26 20:00,2026-10-27,2026-W44-2,2,no
