bayer_code,bayer,greek,suffix,con,proper,ra_h,dec_deg,mag,hyg_id,hip,hd,hr
Alp,α And,α,,And,Alpheratz,0.139791,29.090432,2.07,676,677,358,15
Bet,β And,β,,And,Mirach,1.162194,35.620558,2.07,5436,5447,6860,337
Alp,α Ant,α,,Ant,,10.45253,-31.067779,4.28,51027,51172,90610,4104
Alp,α Aps,α,,Aps,,14.797701,-79.044751,3.83,72144,72370,129078,5470
Bet,β Aps,β,,Aps,,16.718126,-77.517435,4.23,81602,81852,149324,6163
Alp,α Aql,α,,Aql,Altair,19.846388,8.868322,0.76,97338,97649,187642,7557
Bet,β Aql,β,,Aql,Alshain,19.921887,6.406763,3.71,97725,98036,188512,7602
Alp,α Aqr,α,,Aqr,Sadalmelik,22.096399,-0.319851,2.95,108728,109074,209750,8414
Bet,β Aqr,β,,Aqr,Sadalsuud,21.525982,-5.571172,2.9,105936,106278,204867,8232
Alp,α Ara,α,,Ara,,17.530695,-49.876145,2.84,85530,85792,158427,6510
Bet,β Ara,β,,Ara,,17.421665,-55.529884,2.84,84999,85258,157244,6461
Alp,α Ari,α,,Ari,Hamal,2.119555,23.462423,2.01,9861,9884,12929,617
Bet,β Ari,β,,Ari,Sheratan,1.910668,20.808035,2.64,8884,8903,11636,553
Alp,α Aur,α,,Aur,Capella,5.27815,45.997991,0.08,24549,24608,34029,1708
Bet,β Aur,β,,Aur,Menkalinan,5.992149,44.947433,1.9,28288,28360,40183,2088
Alp,α Boo,α,,Boo,Arcturus,14.26103,19.18241,-0.05,69451,69673,124897,5340
Bet,β Boo,β,,Boo,Nekkar,15.032436,40.390566,3.49,73327,73555,133208,5602
Alp,α CMa,α,,CMa,Sirius,6.752481,-16.716116,-1.44,32263,32349,48915,2491
Bet,β CMa,β,,CMa,Mirzam,6.378329,-17.955918,1.98,30251,30324,44743,2294
Alp,α CMi,α,,CMi,Procyon,7.655033,5.224993,0.4,37173,37279,61421,2943
Bet,β CMi,β,,CMi,Gomeisa,7.452512,8.289315,2.89,36087,36188,58715,2845
Alp1,α1 CVn,α,1,CVn,,12.933453197,38.314852517,5.60,,63121,112412,4914
Alp2,α2 CVn,α,2,CVn,Cor Caroli,12.933796389,38.318375000,2.89,,63125,112413,4915
Bet,β CVn,β,,CVn,Chara,12.562411,41.35748,4.24,61124,61317,109358,4785
Alp,α Cae,α,,Cae,,4.676039,-41.863752,4.44,21717,21770,29875,1502
Bet,β Cae,β,,Cae,,4.700965,-37.144297,5.04,21808,21861,29992,1503
Alp,α Cam,α,,Cam,,4.900836,66.342678,4.26,22730,22783,30614,1542
Bet,β Cam,β,,Cam,,5.05697,60.442245,4.03,23467,23522,31910,1603
Alp1,α1 Cap,α,1,Cap,,20.294128889,-12.508208333,4.24,,100027,192876,7747
Alp2,α2 Cap,α,2,Cap,Algedi,20.300904332,-12.544852120,3.57,,100064,192947,7754
Bet,β Cap,β,,Cap,Dabih,20.350187,-14.781367,3.05,100020,100345,193495,7776
Alp,α Car,α,,Car,Canopus,6.399195,-52.69566,-0.62,30365,30438,45348,2326
Bet,β Car,β,,Car,Miaplacidus,9.220041,-69.717208,1.67,45106,45238,80007,3685
Alp,α Cas,α,,Cas,Schedar,0.675116,56.537331,2.24,3172,3179,3712,168
Bet,β Cas,β,,Cas,Caph,0.152887,59.14978,2.28,744,746,432,21
Alp,α Cen,α,,Cen,Rigil Kentaurus,14.660137222,-60.833992694,-0.01,,71683,128620,5459
Bet,β Cen,β,,Cen,Hadar,14.063729,-60.373039,0.61,68483,68702,122451,5267
Alp,α Cep,α,,Cep,Alderamin,21.30963,62.585573,2.45,104861,105199,203280,8162
Bet,β Cep,β,,Cep,Alfirk,21.477662,70.560716,3.23,105691,106032,205021,8238
Alp,α Cet,α,,Cet,Menkar,3.037992,4.089734,2.54,14100,14135,18884,911
Bet,β Cet,β,,Cet,Diphda,0.72649,-17.986605,2.04,3413,3419,4128,188
Alp,α Cha,α,,Cha,,8.308703,-76.919722,4.05,40587,40702,71243,3318
Bet,β Cha,β,,Cha,,12.305812,-79.31224,4.24,59816,60000,106911,4674
Alp,α Cir,α,,Cir,,14.708492,-64.975138,3.18,71682,71908,128898,5463
Bet,β Cir,β,,Cir,,15.291917,-58.801208,4.07,74595,74824,135379,5670
Alp,α Cnc,α,,Cnc,Acubens,8.974784,11.857701,4.26,43939,44066,76756,3572
Bet,β Cnc,β,,Cnc,Tarf,8.275256,9.185545,3.53,40411,40526,69267,3249
Alp,α Col,α,,Col,Phact,5.660817,-34.074108,2.65,26569,26634,37795,1956
Bet,β Col,β,,Col,Wazn,5.849329,-35.768309,3.12,27559,27628,39425,2040
Alp,α Com,α,,Com,Diadem,13.166469,17.529431,4.32,64037,64241,114378,4968
Alp,α Com,α,,Com,,13.166389,17.528977,5.17,118869,,114379,4969
Bet,β Com,β,,Com,,13.197904,27.878183,4.23,64189,64394,114710,4983
Alp,α CrA,α,,CrA,Meridiana,19.157869,-37.904474,4.11,93819,94114,178253,7254
Bet,β CrA,β,,CrA,,19.167154,-39.340796,4.1,93865,94160,178345,7259
Alp,α CrB,α,,CrB,Alphecca,15.578128,26.714693,2.22,76035,76267,139006,5793
Bet,β CrB,β,,CrB,Nusakan,15.463818,29.105703,3.66,75466,75695,137909,5747
Alp,α Crt,α,,Crt,Alkes,10.996244,-18.298783,4.08,53584,53740,95272,4287
Bet,β Crt,β,,Crt,,11.194302,-22.825847,4.46,54522,54682,97277,4343
Alp1,α1 Cru,α,1,Cru,Acrux,12.443304444,-63.099091667,1.33,,60718,108248,4730
Alp2,α2 Cru,α,2,Cru,,12.443333333,-63.099444444,1.58,,,108249,4731
Bet,β Cru,β,,Cru,Mimosa,12.795359,-59.688764,1.25,62239,62434,111123,4853
Alp,α Crv,α,,Crv,Alchiba,12.140225,-24.728875,4.02,59020,59199,105452,4623
Bet,β Crv,β,,Crv,Kraz,12.573121,-23.396759,2.65,61166,61359,109379,4786
Alp,α Cyg,α,,Cyg,Deneb,20.690532,45.280338,1.25,101767,102098,197345,7924
Bet1,β1 Cyg,β,1,Cyg,Albireo,19.512023,27.959681,3.05,95648,95947,183912,7417
Bet2,β2 Cyg,β,2,Cyg,Albireo B,19.51261,27.965276,5.12,95652,95951,183914,7418
Alp,α Del,α,,Del,Sualocin,20.660635,15.912072,3.77,101629,101958,196867,7906
Bet,β Del,β,,Del,Rotanev,20.625816,14.595087,3.64,101442,101769,196524,7882
Alp,α Dor,α,,Dor,,4.566598,-55.044975,3.3,21228,21281,29305,1465
Bet,β Dor,β,,Dor,,5.560421,-62.489825,3.76,26004,26069,37350,1922
Alp,α Dra,α,,Dra,Thuban,14.073165,64.37585,3.67,68537,68756,123299,5291
Bet,β Dra,β,,Dra,Rastaban,17.507213,52.301387,2.79,85410,85670,159181,6536
Alp,α Equ,α,,Equ,Kitalpha,21.263731,5.247845,3.92,104649,104987,202447,8131
Bet,β Equ,β,,Equ,,21.381559,6.81114,5.16,105229,105570,203562,8178
Alp,α Eri,α,,Eri,Achernar,1.628556,-57.236757,0.45,7574,7588,10144,472
Bet,β Eri,β,,Eri,Cursa,5.130829,-5.086446,2.78,23820,23875,33111,1666
Alp,α For,α,,For,Dalim,3.201249,-28.987618,3.8,14843,14879,20010,963
Bet,β For,β,,For,,2.818169,-32.405898,4.45,13114,13147,17652,841
Alp,α Gem,α,,Gem,Castor,7.576634,31.888276,1.58,36744,36850,60179,2891
Alp,α Gem,α,,Gem,Castor B,7.576827,31.89052,2.85,118485,,60178,2890
Bet,β Gem,β,,Gem,Pollux,7.755277,28.026199,1.16,37718,37826,62509,2990
Alp,α Gru,α,,Gru,Alnair,22.137209,-46.960975,1.73,108922,109268,209952,8425
Bet,β Gru,β,,Gru,Tiaki,22.711115,-46.884577,2.07,111768,112122,214952,8636
Alp1,α1 Her,α,1,Her,Rasalgethi,17.244125833,14.390372222,3.35,,84345,156014,6406
Alp2,α2 Her,α,2,Her,,17.244216944,14.389994444,5.322,,,156015,6407
Bet,β Her,β,,Her,Kornephoros,16.503668,21.489613,2.78,80571,80816,148856,6148
Alp,α Hor,α,,Hor,,4.233363,-42.294368,3.85,19697,19747,26967,1326
Bet,β Hor,β,,Hor,,2.979939,-64.071284,4.98,13850,13884,18866,909
Alp,α Hya,α,,Hya,Alphard,9.45979,-8.658603,1.99,46259,46390,81797,3748
Bet,β Hya,β,,Hya,,11.881813,-33.908124,4.29,57763,57936,103192,4552
Alp,α Hyi,α,,Hyi,,1.979451,-61.569859,2.86,9217,9236,12311,591
Bet,β Hyi,β,,Hyi,,0.427916,-77.254247,2.82,2016,2021,2151,98
Alp,α Ind,α,,Ind,,20.626116,-47.291502,3.11,101445,101772,196171,7869
Bet,β Ind,β,,Ind,,20.913498,-58.454155,3.67,102895,103227,198700,7986
Bet,β LMi,β,,LMi,,10.464727,36.707212,4.2,51089,51233,90537,4100
Alp,α Lac,α,,Lac,,22.521515,50.282491,3.76,110822,111169,213558,8585
Bet,β Lac,β,,Lac,,22.392675,52.229046,4.42,110192,110538,212496,8538
Alp,α Leo,α,,Leo,Regulus,10.139532,11.967207,1.36,49528,49669,87901,3982
Bet,β Leo,β,,Leo,Denebola,11.817663,14.57206,2.14,57459,57632,102647,4534
Alp,α Lep,α,,Lep,Arneb,5.545504,-17.822289,2.58,25920,25985,36673,1865
Bet,β Lep,β,,Lep,Nihal,5.470756,-20.759441,2.81,25542,25606,36079,1829
Alp1,α1 Lib,α,1,Lib,,14.844772492,-15.997235611,5.153,,72603,130819,5530
Alp2,α2 Lib,α,2,Lib,Zubenelgenubi,14.847975858,-16.041777778,2.741,,72622,130841,5531
Bet,β Lib,β,,Lib,Zubeneschamali,15.283449,-9.382917,2.61,74556,74785,135742,5685
Alp,α Lup,α,,Lup,,14.698823,-47.3882,2.3,71634,71860,129056,5469
Bet,β Lup,β,,Lup,,14.975537,-43.13396,2.68,73046,73273,132058,5571
Alp,α Lyn,α,,Lyn,,9.350925,34.392562,3.14,45728,45860,80493,3705
Alp,α Lyr,α,,Lyr,Vega,18.61564,38.783692,0.03,90979,91262,172167,7001
Bet,β Lyr,β,,Lyr,Sheliak,18.834665,33.362667,3.52,92133,92420,174638,7106
Alp,α Men,α,,Men,,6.170632,-74.753045,5.08,29198,29271,43834,2261
Bet,β Men,β,,Men,,5.045279,-71.3143,5.3,23412,23467,33285,1677
Alp,α Mic,α,,Mic,,20.8328,-33.779722,4.89,102500,102831,198232,7965
Bet,β Mic,β,,Mic,,20.866322,-33.177974,6.06,102659,102989,198529,7979
Alp,α Mon,α,,Mon,,7.687454,-9.551131,3.94,37340,37447,61935,2970
Bet,β Mon,β,,Mon,,6.480297,-7.033062,3.76,30794,30867,45725,2356
Alp,α Mus,α,,Mus,,12.619739,-69.135564,2.69,61392,61585,109668,4798
Bet,β Mus,β,,Mus,,12.771346,-68.108119,3.04,62127,62322,110879,4844
Alp,α Oct,α,,Oct,,21.078621,-77.023767,5.13,103708,104043,199532,8021
Bet,β Oct,β,,Oct,,22.767692,-81.381615,4.13,112050,112405,214846,8630
Alp,α Oph,α,,Oph,Rasalhague,17.582241,12.560035,2.08,85769,86032,159561,6556
Bet,β Oph,β,,Oph,Cebalrai,17.724543,4.567303,2.76,86475,86742,161096,6603
Alp,α Ori,α,,Ori,Betelgeuse,5.919529,7.407063,0.45,27919,27989,39801,2061
Bet,β Ori,β,,Ori,Rigel,5.242298,-8.20164,0.18,24378,24436,34085,1713
Alp,α Pav,α,,Pav,Peacock,20.427459,-56.73509,1.94,100425,100751,193924,7790
Bet,β Pav,β,,Pav,,20.749314,-66.203212,3.42,102064,102395,197051,7913
Alp,α Peg,α,,Peg,Markab,23.079348,15.205264,2.49,113603,113963,218045,8781
Bet,β Peg,β,,Peg,Scheat,23.062901,28.082789,2.44,113521,113881,217906,8775
Alp,α Per,α,,Per,Mirfak,3.405378,49.86118,1.79,15824,15863,20902,1017
Bet,β Per,β,,Per,Algol,3.136148,40.955648,2.09,14540,14576,19356,936
Alp,α Phe,α,,Phe,Ankaa,0.438056,-42.305981,2.4,2076,2081,2261,99
Bet,β Phe,β,,Phe,,1.101407,-46.718414,3.32,5154,5165,6595,322
Alp,α Pic,α,,Pic,,6.803194,-61.941391,3.24,32521,32607,50241,2550
Bet,β Pic,β,,Pic,,5.788079,-51.066514,3.85,27253,27321,39060,2020
Alp,α PsA,α,,PsA,Fomalhaut,22.960838,-29.622236,1.17,113008,113368,216956,8728
Bet,β PsA,β,,PsA,,22.52509,-32.346073,4.29,110841,111188,213398,8576
Alp,α Psc,α,,Psc,Alrescha,2.034117,2.763759,3.82,9467,9487,12446,595
Bet,β Psc,β,,Psc,Fumalsamakah,23.064615,3.820045,4.48,113529,113889,217891,8773
Alp,α Pyx,α,,Pyx,,8.726539,-33.186385,3.68,42709,42828,74575,3468
Bet,β Pyx,β,,Pyx,,8.668373,-35.308352,3.97,42396,42515,74006,3438
Alp,α Ret,α,,Ret,,4.240404,-62.473858,3.33,19730,19780,27256,1336
Bet,β Ret,β,,Ret,,3.736593,-64.806903,3.84,17398,17440,23817,1175
Alp,α Scl,α,,Scl,,0.976766,-29.357449,4.3,4567,4577,5737,280
Bet,β Scl,β,,Scl,,23.549512,-37.818268,4.38,115865,116231,221507,8937
Alp,α Sco,α,,Sco,Antares,16.490128,-26.432002,1.06,80519,80763,148478,6134
Bet1,β1 Sco,β,1,Sco,Acrab,16.090619994,-19.805452778,2.62,,78820,144217,5984
Bet2,β2 Sco,β,2,Sco,,16.090714244,-19.801904333,4.92,,78821,144218,5985
Alp,α Sct,α,,Sct,,18.586785,-8.244073,3.85,90835,91117,171443,6973
Bet,β Sct,β,,Sct,,18.786242,-4.747867,4.22,91888,92175,173764,7063
Alp,α Ser,α,,Ser,Unukalhai,15.737798,6.425627,2.63,76835,77070,140573,5854
Bet,β Ser,β,,Ser,,15.769793,15.421826,3.65,76997,77233,141003,5867
Alp,α Sex,α,,Sex,,10.1323,-0.371637,4.48,49500,49641,87887,3981
Bet,β Sex,β,,Sex,,10.504855,-0.637026,5.08,51290,51437,90994,4119
Alp,α Sge,α,,Sge,Sham,19.668275,18.01389,4.39,96450,96757,185758,7479
Bet,β Sge,β,,Sge,,19.68415,17.476041,4.39,96530,96837,185958,7488
Alp,α Sgr,α,,Sgr,Rukbat,19.398103,-40.61594,3.96,95052,95347,181869,7348
Bet1,β1 Sgr,β,1,Sgr,Arkab Prior,19.377305337,-44.458958385,4.01,,95241,181454,7337
Bet2,β2 Sgr,β,2,Sgr,Arkab Posterior,19.386982625,-44.799779197,4.29,,95294,181623,7343
Alp,α Tau,α,,Tau,Aldebaran,4.598677,16.509301,0.87,21368,21421,29139,1457
Bet,β Tau,β,,Tau,Elnath,5.438198,28.60745,1.65,25364,25428,35497,1791
Alp,α Tel,α,,Tel,,18.449561,-45.968459,3.49,90143,90422,169467,6897
Alp,α TrA,α,,TrA,Atria,16.811077,-69.027715,1.91,82022,82273,150798,6217
Bet,β TrA,β,,TrA,,15.919083,-63.430727,2.83,77716,77952,141891,5897
Alp,α Tri,α,,Tri,Mothallah,1.884696,29.578829,3.42,8777,8796,11443,544
Bet,β Tri,β,,Tri,,2.159058,34.987297,3,10041,10064,13161,622
Alp,α Tuc,α,,Tuc,,22.308371,-60.259587,2.87,109784,110130,211416,8502
Bet1,β1 Tuc,β,1,Tuc,,0.525741917,-62.958218611,4.37,,2484,2884,126
Bet2,β2 Tuc,β,2,Tuc,,0.525950639,-62.965592778,4.54,,2487,2885,
Bet3,β3 Tuc,β,3,Tuc,,0.545529167,-63.031500000,5.09,,,,
Alp,α UMa,α,,UMa,Dubhe,11.062155,61.751033,1.81,53905,54061,95689,4301
Bet,β UMa,β,,UMa,Merak,11.030677,56.382427,2.34,53754,53910,95418,4295
Alp,α UMi,α,,UMi,Polaris,2.52975,89.264109,1.97,11734,11767,8890,424
Bet,β UMi,β,,UMi,Kochab,14.845105,74.155505,2.07,72380,72607,131873,5563
Alp,α Vir,α,,Vir,Spica,13.419883,-11.161322,0.98,65269,65474,116658,5056
Bet,β Vir,β,,Vir,Zavijava,11.844922,1.764718,3.59,57584,57757,102870,4540
Alp,α Vol,α,,Vol,,9.040777,-66.396076,4,44254,44382,78045,3615
Bet,β Vol,β,,Vol,,8.428951,-66.13689,3.77,41195,41312,71878,3347
Alp,α Vul,α,,Vul,Anser,19.478427,24.664905,4.44,95473,95771,183439,7405
