messier,ra_h,best_instant_utc,best_date,iso
M1,5.575000,2026-01-26 05:01,2026-01-26,2026-W05-1
M2,21.558333,2026-10-02 07:11,2026-10-02,2026-W40-5
M3,13.703333,2026-06-02 13:39,2026-06-03,2026-W23-3
M4,16.393333,2026-07-11 14:16,2026-07-12,2026-W28-7
M5,15.310000,2026-06-25 19:42,2026-06-26,2026-W26-5
M6,17.668333,2026-07-30 11:54,2026-07-30,2026-W31-4
M7,17.898333,2026-08-02 21:19,2026-08-03,2026-W32-1
M8,18.063333,2026-08-05 07:45,2026-08-05,2026-W32-3
M9,17.320000,2026-07-25 11:25,2026-07-25,2026-W30-6
M10,16.951667,2026-07-20 01:13,2026-07-20,2026-W30-1
M11,18.851667,2026-08-16 23:54,2026-08-17,2026-W34-1
M12,16.786667,2026-07-17 14:12,2026-07-18,2026-W29-6
M13,16.695000,2026-07-16 06:15,2026-07-16,2026-W29-4
M14,17.626667,2026-07-29 21:17,2026-07-30,2026-W31-4
M15,21.500000,2026-10-01 10:17,2026-10-01,2026-W40-4
M16,18.313333,2026-08-08 23:07,2026-08-09,2026-W32-7
M17,18.346667,2026-08-09 10:54,2026-08-09,2026-W32-7
M18,18.331667,2026-08-09 05:36,2026-08-09,2026-W32-7
M19,17.043333,2026-07-21 09:25,2026-07-21,2026-W30-2
M20,18.038333,2026-08-04 22:49,2026-08-05,2026-W32-3
M21,18.076667,2026-08-05 12:22,2026-08-05,2026-W32-3
M22,18.606667,2026-08-13 07:40,2026-08-13,2026-W33-4
M23,17.946667,2026-08-03 14:26,2026-08-04,2026-W32-2
M24,18.306667,2026-08-08 20:45,2026-08-09,2026-W32-7
M25,18.528333,2026-08-12 04:04,2026-08-12,2026-W33-3
M26,18.753333,2026-08-15 12:52,2026-08-16,2026-W33-7
M27,19.993333,2026-09-03 14:24,2026-09-04,2026-W36-5
M28,18.408333,2026-08-10 09:42,2026-08-10,2026-W33-1
M29,20.398333,2026-09-09 22:57,2026-09-10,2026-W37-4
M30,21.673333,2026-10-03 23:04,2026-10-04,2026-W40-7
M31,0.711667,2026-11-20 06:16,2026-11-20,2026-W47-5
M32,0.711667,2026-11-20 06:16,2026-11-20,2026-W47-5
M33,1.565000,2026-12-01 17:54,2026-12-02,2026-W49-3
M34,2.700000,2026-12-17 08:26,2026-12-17,2026-W51-4
M35,6.148333,2026-02-03 19:49,2026-02-04,2026-W06-3
M36,5.601667,2026-01-26 14:30,2026-01-27,2026-W05-2
M37,5.873333,2026-01-30 10:09,2026-01-30,2026-W05-5
M38,5.478333,2026-01-24 22:22,2026-01-25,2026-W04-7
M39,21.536667,2026-10-01 23:09,2026-10-02,2026-W40-5
M40,12.370000,2026-05-13 17:43,2026-05-14,2026-W20-4
M41,6.783333,2026-02-12 10:17,2026-02-12,2026-W07-4
M42,5.590000,2026-01-26 10:19,2026-01-26,2026-W05-1
M43,5.593333,2026-01-26 11:29,2026-01-26,2026-W05-1
M44,8.668333,2026-03-14 14:31,2026-03-15,2026-W11-7
M45,3.783333,2025-12-31 12:09,2026-01-01,2026-W01-4
M46,7.696667,2026-02-26 10:46,2026-02-26,2026-W09-4
M47,7.610000,2026-02-25 04:37,2026-02-25,2026-W09-3
M48,8.230000,2026-03-05 23:55,2026-03-06,2026-W10-5
M49,12.496667,2026-05-15 15:38,2026-05-16,2026-W20-6
M50,7.053333,2026-02-17 23:01,2026-02-18,2026-W08-3
M51,13.498333,2026-05-30 20:10,2026-05-31,2026-W22-7
M52,23.403333,2026-11-01 00:14,2026-11-01,2026-W44-7
M53,13.215000,2026-05-26 17:39,2026-05-27,2026-W22-3
M54,18.918333,2026-08-17 23:37,2026-08-18,2026-W34-2
M55,19.666667,2026-08-29 02:50,2026-08-29,2026-W35-6
M56,19.276667,2026-08-23 04:33,2026-08-23,2026-W34-7
M57,18.893333,2026-08-17 14:42,2026-08-18,2026-W34-2
M58,12.628333,2026-05-17 14:01,2026-05-18,2026-W21-1
M59,12.700000,2026-05-18 15:14,2026-05-19,2026-W21-2
M60,12.728333,2026-05-19 01:24,2026-05-19,2026-W21-2
M61,12.365000,2026-05-13 15:55,2026-05-14,2026-W20-4
M62,17.020000,2026-07-21 01:11,2026-07-21,2026-W30-2
M63,13.263333,2026-05-27 11:01,2026-05-27,2026-W22-3
M64,12.945000,2026-05-22 16:47,2026-05-23,2026-W21-6
M65,11.315000,2026-04-27 06:02,2026-04-27,2026-W18-1
M66,11.336667,2026-04-27 13:46,2026-04-28,2026-W18-2
M67,8.840000,2026-03-17 02:55,2026-03-17,2026-W12-2
M68,12.658333,2026-05-18 00:50,2026-05-18,2026-W21-1
M69,18.523333,2026-08-12 02:17,2026-08-12,2026-W33-3
M70,18.720000,2026-08-15 00:55,2026-08-15,2026-W33-6
M71,19.896667,2026-09-02 02:09,2026-09-02,2026-W36-3
M72,20.891667,2026-09-17 20:10,2026-09-18,2026-W38-5
M73,20.983333,2026-09-19 07:09,2026-09-19,2026-W38-6
M74,1.611667,2026-12-02 09:25,2026-12-02,2026-W49-3
M75,20.101667,2026-09-05 07:28,2026-09-05,2026-W36-6
M76,1.705000,2026-12-03 16:47,2026-12-04,2026-W49-5
M77,2.711667,2026-12-17 12:22,2026-12-17,2026-W51-4
M78,5.778333,2026-01-29 02:11,2026-01-29,2026-W05-4
M79,5.408333,2026-01-23 22:58,2026-01-24,2026-W04-6
M80,16.283333,2026-07-09 23:37,2026-07-10,2026-W28-5
M81,9.926667,2026-04-03 22:21,2026-04-04,2026-W14-6
M82,9.930000,2026-04-03 23:32,2026-04-04,2026-W14-6
M83,13.616667,2026-06-01 07:50,2026-06-01,2026-W23-1
M84,12.418333,2026-05-14 11:17,2026-05-14,2026-W20-4
M85,12.423333,2026-05-14 13:05,2026-05-15,2026-W20-5
M86,12.436667,2026-05-14 17:50,2026-05-15,2026-W20-5
M87,12.513333,2026-05-15 21:37,2026-05-16,2026-W20-6
M88,12.533333,2026-05-16 04:50,2026-05-16,2026-W20-6
M89,12.595000,2026-05-17 02:59,2026-05-17,2026-W20-7
M90,12.613333,2026-05-17 09:35,2026-05-17,2026-W20-7
M91,12.590000,2026-05-17 01:11,2026-05-17,2026-W20-7
M92,17.285000,2026-07-24 22:57,2026-07-25,2026-W30-6
M93,7.743333,2026-02-27 03:06,2026-02-27,2026-W09-5
M94,12.848333,2026-05-21 06:06,2026-05-21,2026-W21-4
M95,10.733333,2026-04-18 03:02,2026-04-18,2026-W16-6
M96,10.780000,2026-04-18 19:47,2026-04-19,2026-W16-7
M97,11.246667,2026-04-25 04:12,2026-04-25,2026-W17-6
M98,12.230000,2026-05-11 12:08,2026-05-12,2026-W20-2
M99,12.313333,2026-05-12 20:09,2026-05-13,2026-W20-3
M100,12.381667,2026-05-13 22:00,2026-05-14,2026-W20-4
M101,14.053333,2026-06-08 01:58,2026-06-08,2026-W24-1
M102,15.108333,2026-06-22 21:26,2026-06-23,2026-W26-2
M103,1.553333,2026-12-01 13:58,2026-12-02,2026-W49-3
M104,12.666667,2026-05-18 03:49,2026-05-18,2026-W21-1
M105,10.796667,2026-04-19 01:46,2026-04-19,2026-W16-7
M106,12.316667,2026-05-12 21:21,2026-05-13,2026-W20-3
M107,16.541667,2026-07-13 18:49,2026-07-14,2026-W29-2
M108,11.191667,2026-04-25 08:32,2026-04-25,2026-W17-6
M109,11.960000,2026-05-07 09:50,2026-05-07,2026-W19-4
M110,0.673333,2026-11-19 17:05,2026-11-20,2026-W47-5
